name,country,contact_person,email,products,division
ALL CARBON,,Ms Alice chen,Alice@allcarbon.com.cn,MICROSILICA,REFRACTORY RAW MATERIALS
DALIAN QIXIANG REFRACTORIES CO.; LTD.,China,Ms.Maria,maylongdalian@163.com; kxl1981@163.com," SILICON CARBIDE BLOCK , Carbofrax , MORTAR ",REFRACTORY PRODUCTS
ABHIJEET FERRO TECH LIMITED ,,Anil Nair ,anil.nair@abhijeet.in,,
AL JOOD NATURAL RESOURCES LLC,,Mohammed Rizwan,rizwan@aljood.om,,
ALCHEMY HEAVY METAL,,,,,
ANIL MINERALS,,,,,
ANSSEN METALLURGY,,Aaron Huang,tech@anssen.com,,
APOYO METALLURGY CO.;LTD,,Ms.Leticia,apoyometalleticia@163.com ;  leticia@lnsstsjt.cn,,
BEIJING LY METALS AND MINING ,,Ms. Lucy Wang,wanghuiying51@hotmail.com,,
BETTERLY INDUSTRIAL CO.; LTD.,Hong Kong,Mr. Shuguang QU; Ms. Erica,zzqufeng@hotmail.com,"WFA,BFA,SIC,SPINEL, SIC,MULLITE,FUSED SILICA,CEMENT,CALCINED ALUMINA,TABULAR ALUMINA",REFRACTORY RAW MATERIALS
CIMM GROUP,China,Ms. Jenny,jenny@cimmuk.com,Graphite Electrodes,REFRACTORY PRODUCTS
CORONA ,,Esteban Barrientos Villegas - Direct Materials Corporate Negotiator,ebarrientosv@corona.com.co,,
CUBYIRA COMMODITIES PARTNERS,,Ishan Bhaskar ,ishanbhaskar@gmail.com,,
D S ALLOYD ,,MR GOPAL,gopal@dsalloys.com,,
KAIDA ROLL,China,Stacy Wang,stacy@kaidaroll.com,Rolls,REFRACTORY PRODUCTS
DELONG ROLL,China,"An Zinuo ,,  Max Huo",sale@delongroll.com,Rolls,REFRACTORY PRODUCTS
BKDR TECH,China,Myron Zhu,myron.zhu@qq.com,Rolls,REFRACTORY PRODUCTS
TANGSHAN WEILAN TRADING,China,Sheridan ,sales3@tsweilang.com,Rolls,REFRACTORY PRODUCTS
DAN TAN,China,Eason Che,eason.che@qq.com,,
DELDA CARBON,China,Ms.Rita Liu,rita@delda.com.cn,Graphite Electrodes,REFRACTORY PRODUCTS
HEBEI GUIKUN CHEMICALPRODUCT CO.;LTD ,China,Ms. Silvia,silvia@guikunchem.com,Graphite Electrodes,REFRACTORY PRODUCTS
ERYAS OLIVINE MADENCILIK VE DIS TIC.LTD. STI.,,Mr.Murat YAKUT-Foreign Trade Manager,muratyakut@eryas.com; berkanipek@eryas.com,,
FANGLIN MINERALS,,Mr Xu Menglei,xh.fu@fanglinminerals.com,"FM,DBM,CCM,SIC",REFRACTORY RAW MATERIALS
FANGDA CARBON ,China,Eason Che,eason.che@qq.com,Graphite Electrodes,REFRACTORY PRODUCTS
FLOOREX TILES,,,,,
FUPENG INTERNATIONAL GROUP LTD.,China,Ms. Hellen Du,hellen@fupengmgo.com,"FM,DBM,CCM",REFRACTORY RAW MATERIALS
HITECH INDUSTRIAL HOLDING CO.; LIMITED,CHINA,Tina Gong (Ms.) ; Dr. Stone Wu (Mr.),tina@forevermaterial.com; stonewu@forevermaterial.com ,"MAG CARBON BRICKS, MAG CHROME BRICKS",REFRACTORY PRODUCTS
DASHIQIAO GUANCHENG REFRACTORY CO. LTD,China,MR.SUN GUOZHU,sunguozhu0205@163.com;   420876852@qq.com ,"MAG CARBON BRICKS, MAG CHROME BRICKS",REFRACTORY PRODUCTS
LIAONING FUCHENG REFRACTORY PRODUCTS GROUP CO.;LTD ,China,Ms.Sunny Liu ,sea585@163.com,"MAG CARBON BRICKS, MAG CHROME BRICKS",REFRACTORY PRODUCTS
FUPENG INTERNATIONAL GROUP LTD.,,Ms. Hellen Du,hellen@fupengmgo.com,,
AMANDA INTERNATIONAL PRIVATE LIMITED ,,Ms.Lucy Zhao,sales01@amanda.net.cn,WOLLASTONITE,CERAMIC
XINHU SOUTH WOLLASTONITE,China,Donna Yan,myanmeidonna@xynf.cn,WOLLASTONITE,CERAMIC
SONG BINH MINERALS JOINT STOCK COMPANY,Vietnam,Shina ( Ms.Duong )  ,duong.tran@songbinhminerals.com ;  tri.huynh@songbinhminerals.com,ZIRCON FLOUR,CERAMIC
EAST MINERALS,VIETNAM,Ms. Trang,trangtq@eastminerals.asia,ZIRCON FLOUR,CERAMIC
VMPC MINERALS,VIETNAM,Ms. Lily,endinhthi@gmail.com,ZIRCON FLOUR,CERAMIC
PT MONOKEM SURYA,INDONESIA,Mr. Aditya Laksmana,salesexport@monokem.com,ZIRCON FLOUR,CERAMIC
GANSU JINSHI CHEMICAL INDUSTRIAL CO.LTD,,Mr. Robert,chromechem@hotmail.com,,
GANSU RICH MINMETALS CO.;LTD,,Ms wang ,gansurich@hotmail.com,,
GAOTENG INDUSTRIAL RAW MATERIALS,,Ms. Carol,gaoteng1@gtdl.com.cn,,
GSA SH.P.K,,ELTON BEQI ,elton.beqi@gsa.al,,
HAILI CARBON,,Ms. Haili ,haili@hailicarbon.com,,
HEBEI KANGNAIXING,,Kun Wang,kun@hbkangnaixing.com,,
HEBEI YUNAI NEW MATERIAL TECHNOLOGY,,Mr. Jack Yan,jack@yncarbon.com,,
HIRA POWER AND STEELS LTD ; INDIA ,,Mr Vikas AGARWAL,export@hpslindia.com,,
IBAR NORDESTE LTDA.,Brazil,Erica Almeida ;  Emilio Lobato, ibarcomex@ibar.com.br ; erica@ibarnordeste.com.br; emilio.lobato@ibarnordeste.com.br,,
ICI SUISEE ,,Eugene Simonovskiy,e.simonovskiy@ici-suisse.com,,
INDUSTRIAL MINERALS COMPANY L.L.C; OWNED BY MAADEN CO.,,Mr. Ali Mohammed Al Sarar ; Mr. Kumar Chenniappan & Mr.Suhayb  Khalid Albilasi,SararA@maaden.com.sa; ChenniappanK@Maaden.com.sa ; AlbilasiS@maaden.com.sa,DBM,REFRACTORY RAW MATERIALS
IXM,,Annabelle Liang ,annabelle.liang@ixmmetals.com,,
JAI BALAJI INDUSTRIES LTD,,Mr Tahmeed ,tahmeed@jaibalajigroup.com,,
JIANGXI KEXING SPECIAL CERAMIC CO.; LTD,,,,,
JIANGXI KEXING SPECIAL CERAMIC CO.LTD,,,,,
JIANLONG CARBON,,Ana Xu,anaxu@jiang-long.com,,
JINLI GROUP ,,Mr Bajoe,info@chinacoredwire.com,,
JSM REFRACTORY COMPANY LIMITED,,MS. Monica Lee; Ms. Ryan,monica@jsmrefractory.com; Ryan@jsmrefractory.com,BAUXITE,REFRACTORY RAW MATERIALS
KAMRAN COMMERCIALS PVT LTD ,,Anis Gul ,kamran_commercials@hotmail.com,,
KIBAR GROUP ,,Mehmet Karakas ,mehmet.karakas@kibardisticaret.com,,
KIMWAN CARBON,China,Hidy,hehuan@kimwan.cn,Graphite Electrodes,REFRACTORY PRODUCTS
KONYA SELCUKLU KROM MAGNEZIT TUGLA SANAYII A.S.,,Mr. Hasan Guney,konyakrom@konyakrom.com; gidenvrak@konyakrom.com,,
LANZHOU SUNRISING FERROALLOY CO.;LTD ,,Mr Deer Lu ; Ms Lilian,sales@westfesi.com,,
LIANYUNGANG EAST SUN INTERNATIONAL TRADE CO.;LTD,,Mr. Zhang Rongbin,chinagraphite@vip.163.com,,
MAGNESITA MINERACAO S.A.; BRAZIL,,Maria Paula Guimarães Rezende;  Eber Almeida ;  Alvaro lopes,Maria.Rezende@rhimagnesita.com; Eber.Almeida@rhimagnesita.com; Alvaro.Lopes@RHIMagnesita.com,,
MAITHAN ALLOYS LTD,,Mr Bhaskar Behera ,office@maithanalloys.com,,
MAOSON MINERALS LIMITED,China,Mr. DU Yongjun; Ms. Lu Na,du_yongjun_007@163.com,"WFA,BFA,DBM,FM,SIC,SPINEL,FMCR,CCM,GRAPHITE FLAKE,SIC,BAUXITE,MULLITE,FUSED SILICA,CEMENT,CALCINED ALUMINA,TABULAR ALUMINA",REFRACTORY RAW MATERIALS
MASTER MINERALS,,,,,
METAL MARKET ,,Mehmet Delen ,mehmet@metalmarket.com.tr,,
BBC MINES,INDIA,Mr. Chrnaram,bbcminessindawar@gmail.com,"BALL CLAY, KAOLIN",CERAMIC
METALLFOX,,Natalia Erkina,n.erkina@metallfox.ru,,
QUARRO;MINECRAFT MINERALS,INDIA,Mr. Aakash Kavadia,aakash@quarro.in,"KAOLIN, FELDSPAR",CERAMIC
MIR MINES AND MINERALS,,Mutee ur Rehman;,mutee@mirminerals.com,,
PACIFIC EXIM PVT LTD KARACHI ,,Arsalan Wasi ,arsalan.wasi@pacificexim.com,,
PAN GLOBAL TRADING LLC ,,MR ANIL KAPUR ,ak@panglobaltrading.com,,
PRIME RESOURCES TRADING CO.; LIMITED,,Mr. Ren; Ms. YU Jing,rxm@sinominmetals.com.cn; smmaster@sinominmetals.com.cn,"WFA,BFA,DBM,FM,SIC,SPINEL,FMCR,CCM,GRAPHITE FLAKE,SIC,BAUXITE,MULLITE,FUSED SILICA,CEMENT,CALCINED ALUMINA",REFRACTORY RAW MATERIALS
QTINITY,,Humair Qureshi,humairqureshi@qtinity.com,,
REALHI TRADE CO. LTD,,Ms. Jane,manager@dlrenheng.com,"FM,DBM,CCM",REFRACTORY RAW MATERIALS
REFMIN INTERNATIONAL CO; LTD,,Mr. Ivan; Jack; ,ivan@refmin.com.cn; jack@refmin.com.cn,"WFA,BFA,DBM,FM,SIC,SPINEL,FMCR,CCM,GRAPHITE FLAKE,SIC,BAUXITE,MULLITE,FUSED SILICA,CEMENT,CALCINED ALUMINA,TABULAR ALUMINA",REFRACTORY RAW MATERIALS
RIMA INDUSTRIAL S;A,,Jonas Ribeiro Faria,jrf@rima.com.br,,
ROHIT FERRO TECH ,,Mr Ankit  Patni,ankit.patni@rohitferrotech.com,,
SHIVOM IRON AND STEEL ,,Mr Ganesh Mukherjee, shivamiron.exim@gmail.com,,
SINO MINMETALS CO.;LTD,,Mr. Ren; Ms. YU Jing,rxm@sinominmetals.com.cn; smmaster@sinominmetals.com.cn,"WFA,BFA,DBM,FM,SIC,SPINEL,FMCR,CCM,GRAPHITE FLAKE,SIC,BAUXITE,MULLITE,FUSED SILICA,CEMENT,CALCINED ALUMINA,TABULAR ALUMINA",REFRACTORY RAW MATERIALS
SURVIEW PVT. LTD. (RAHIMTOOLA GROUP OF COMPANIES),,Abbas Rahitoola ,abbas@rahimtoolagroup.com,,
SYNDICATE MINERAL EXPORT COMPANY,,Aziz Kanani, aziz.kanani@hashwanigroup.com,,
WESTBROOK RESOURCES LTD,,Andy Sharp,asharp@wbrl.co.uk,,
XIAMEN FD IMP & EXP CO.; LTD,,Ms Summer ,export1@xiamenfd.com,,
XIAMEN ITG GROUP CORP.; LTD.,,Ms Cindy ,liuwx@itg.com.cn ,,
XILOLITE; BRAZIL,,Marco Aurélio Lobo da Luz,marco.luz@xilolite.com.br,,
HTR Henan Hongtai Kiln Refractory Co. LTD,China,Rita Li & Ashwini Pandey,,Insulation Bricks,REFRACTORY PRODUCTS
"Yingkou Shunan New Material Technology Co., LTD",China,Rita Li & Ashwini Pandey,,MAG CARBON BRICKS,REFRACTORY PRODUCTS
LIAONING ZHONGMEI GROUP,China,Rita Li & Ashwini Pandey,,Mag-Chrome and Dolomite bricks,REFRACTORY PRODUCTS
Jiangsu Chianaref Refractory Co. Ltd,China,"Hisense Hu , Murphy Zhang","hisense.hu@chianaref.com , murphy.zhang@chianaref.com",TUNDISH COVER,REFRACTORY PRODUCTS
"Liaoning Guomei Refractory Co., Ltd.",China,Rita Li & Ashwini Pandey,,Magnesia Bricks,REFRACTORY PRODUCTS
"Lu'an Greenergy Refractory and Insulation Material Co.,Ltd",China,Tom King,"sales_refractory@greenergyrefractories.com , info@greenergyrefractories.com",Insulation Bricks,REFRACTORY PRODUCTS
"Yingkou Jiamei Refractories Co.,Ltd.",China,Rita Li & Ashwini Pandey,,Mag Chrome bricks,REFRACTORY PRODUCTS
DB GROUP EXPORTS,INDIA,Mr Swapnil,exports@groupdb.co,FELDSPAR,CERAMIC
SHANDONG BP NEW MATERIAL TECHNOLOGY,CHINA,Mr. Soong,songjtao@sdhx.com,ALUMINA BALLS,CERAMIC
HENAN E-GRIND ABRASIVES CO.LTD,CHINA,Ms. Lance,lance@e-grindabrasives.com,GRINDING DISC,CERAMIC
LISBETH  MINERALS,INDONESIA,Mr. Marchelle,lisbeth.office@gmail.com,ZIRCON SAND,CERAMIC
MINERAL PREMIER KALIMANTAN,INDONESIA,Djoni,Djoni@minerkal.com,ZIRCON SAND,CERAMIC
QUINGDAO ZHONGYOUBANG NEW MATERIAL TECHNOLOGY,CHINA,Cindy,qd_zyb126.com,RUTILE SAND,CERAMIC
DORAL,AUSTRALIA,Gerry Daly,gerry.daly@doral.com.au,ZIRCON SAND,CERAMIC
SAKTHI ARIMA MINERALS,UAE,Mr. Sakthi,salesdesk@arimaminerals.com,ZIRCON SAND,CERAMIC
Sharad Group,India,Mr. Harsh Thakker,harsh@thesharadgroup.com,Kaolin,CERAMIC
VLG Micron,India,Mr. Venus Gajara,vvvg@lgmicrons.com,kaolin,CERAMIC
Anyang feng fan silicon industries co ltd,China,86- 18738288474,ayffgygs@163.com,Silicon Chromium,ORES AND ALLOYS
Lanzhou Sunrising Ferroalloys Co.Ltd ,China,"8618919127224        
86 18919106734 
86-18919106247 "," info@westfesi.com 
sales@westfesi.com 
sale@westfesi.com",Silicon Chromium,ORES AND ALLOYS
"Hongxi Metallurgy Co. Ltd   /   Henan Guorui Metallurgical Refractories Co., Ltd(Factory)",China,"86-18567898496  86-15086839676
86-18317777489","robbin@gr-metallurgy.com
anson@gr-metallurgy.com
grmetallurgy6@gmail.com",Silicon Chromium,ORES AND ALLOYS
"ChangXing Ferroalloy Resources Co.,Ltd",China,"86 18317337771
8615311176284","lang@cxferroalloy.com
danae@cxferroalloy.com",Silicon Chromium,ORES AND ALLOYS
"Hainan West Asia Import and Export Group Co., Ltd",China,"86-16689780979
86 166 8972 1585
86 18976301609","marina@wasiatrade.com
sales09@wasiatrade.com
merchant@wasiatrade.com
purchase@wasiatrade.com
info@wasiatrade.com",Silicon Chrome,ORES AND ALLOYS
"Anyang Jinyuan Metallurgical Materials Co., Ltd",China,86-15226180657,"newcncptgroup@gmail.com
ayjinyuan@sina.cn",Silicon Chrome,ORES AND ALLOYS
"Anyang Jinfengda Metallurgical Co., Ltd.",China,"86 18749310967
86- 19105384865","jingjlily@gmail.com emma@ayjfd.com
meng@ayjfd.com",Silicon Chrome,ORES AND ALLOYS
Feng Erda Group,China,"86 17863227516
86-18663201129","china_d@fengerda.com
china_a@fengerda.com",Silicon Chrome,ORES AND ALLOYS
Winfred International Metal Limited ,China,86-177 9239 8095 ,"edwin@winfredint.com
Edwin.lee@Aliyun.com 
sales@winfredint.com",Silicon Chrome,ORES AND ALLOYS
"Henan All Star Metallurgical Material Co.,Ltd",,,info@qxferroalloy.com,Silicon Chrome,ORES AND ALLOYS
Henan Star Metallurgy Material Co.Ltd.(SMG),,86 17637228962,star20@alloyssi.com,Silicon Chrome,ORES AND ALLOYS
Anyang Weiyuan Alloy Co,,86 18567802263,"aria@wyalloys.com
Karl@wyalloys.com
",Silicon Chrome,ORES AND ALLOYS
"Anyi Metal Products (Shandong) Co., Ltd",,,sophia@anyisteel.com,Silicon Chrome,ORES AND ALLOYS
"Lanchuan Metal Products (Shandong)., Co Ltd",,86 188 8834 6802,wendy@lanchuansteel.com,Silicon Chrome,ORES AND ALLOYS
Wanhetong Metal Products ,,86 18953929670,Julia@whtsteelgroup.com,Silicon Chrome,ORES AND ALLOYS
"Anyang Zhenxin Metallurgical Materials Co., Ltd.",,"86 18637215035
86 18637217025
86 15565711616 ","sale04@zxferroalloy.com
sale07@zxferroalloy.com
sale05@zxferroalloy.com",Silicon Chrome,ORES AND ALLOYS
"Ningxia Fangtuo Metal Materials Co.,LTD",China,86-13995123098    ,sales@fangtuometal.com,Silicon Chrome,ORES AND ALLOYS
"Anyang KongFang Metallurgical New Material Technology Co., Ltd",,86 135 26120097,info@kfferrosilicon.com,Silicon Chrome,ORES AND ALLOYS
New Sail Ferroalloy,China,86 166 3835 9670,"jennywu@ns-ferroalloy.com
louisxu@ns-ferroalloy.com",Silicon Chrome,ORES AND ALLOYS
HONOR ALLOYS LIMITED,Hong Kong,,diana@honoralloys.com,Silicon Chrome,ORES AND ALLOYS
"Anyang Huatuo Metallurgy Co., Ltd",China,86 18037296649,luna@sialloy.com,Silicon Chrome,ORES AND ALLOYS
Henan Xinxin Silicon Alloy Co.Ltd.,China,86-372-5375259 /        86-18624885692,judy@ferrosialloy.com    lisa@ferrosialloy.com,Silicon Chrome,ORES AND ALLOYS
"Anyang County jiacheng Metallurgy Refractory Co., Ltd",China,86-18839705885,han@ayjcmetallurgy.com,Silicon Chrome,ORES AND ALLOYS
"Xian Top Metal import and  Export Co., Ltd",China,86 13389218441 ,1179961028@qq.com,Silicon Chrome,ORES AND ALLOYS
CHENGGANG METAL,China,86 18595820336,iris@ferrosialloy.com,Silicon Chrome,ORES AND ALLOYS
"KANGXIN INTERNATIONAL TRADING CO.,LTD",China,,,Silicon Chrome,ORES AND ALLOYS
"Inner Mongolia Jinzhong Chemical Co., Ltd",China,86-17331026089,vivian@jinzhongchem.com,Silicon Chrome,ORES AND ALLOYS
Zhongpu Industrial Ltd,China,86 19137643043,zhongpu02@z-pu.com,Silicon Chrome,ORES AND ALLOYS
"Zhengxin Silicon Industry Co., Ltd",China,,anne@gxmetallurgy.com,Silicon Chrome,ORES AND ALLOYS
"Hong Kong Dadexing Co., Ltd.",China,86 13763106550, lisa@dadexinghk.com,Silicon Chrome,ORES AND ALLOYS
"Anyang Cheegoole Co., Ltd",China,86-17839180059,lisa@cheegoole.com,Silicon Chrome,ORES AND ALLOYS
Hira Ferro Alloys Ltd,Producer,8408880756,rajesh.alone@hfal.in sunil.poddar@hfal.in vinay.agrawal@hiragroup.com,SIMN,ORES AND ALLOYS
Shivam Iron and Steel Co. Ltd,Producer,"91-9851081881, 8443009949",gmukherjee2009@gmail.com shivamiron.exim@gmail.com,SIMN,ORES AND ALLOYS
Shri Bajrang Power & Ispat Ltd.,Producer,91-9826425018,manish.dhir@goelgroup.co.in,SIMN,ORES AND ALLOYS
Sharp Ferro Alloys Ltd,Producer,"9810285182
Simran-9818938767","gmmarketing@sharpferro.com
marketing@sharpferro.com md@sharpferro.com  chairman@sharpferro.com",simn,ORES AND ALLOYS
SUPER SMELTERS LTD – INDIA,Producer,9674773151,saurabh.mukerji@supershakti.in,SIMN,ORES AND ALLOYS
Lalwani Ferro Alloys Ltd.,Producer,8013338212,"marketing@lalwaniferroalloys.com
sandeep@lalwaniferroalloys.com","SIMN-60/14, 60/15, 65/15, 65/16/65/17 Phos-0.2max",ORES AND ALLOYS
Maithan Steel & Power Limited ,Producer,9647659399,ab@maithansteel.com,,ORES AND ALLOYS
Hira Ferro Alloys Ltd,Producer,8408880756,rajesh.alone@hfal.in sunil.poddar@hfal.in vinay.agrawal@hiragroup.com,SIMN,ORES AND ALLOYS
Shivam Iron and Steel Co. Ltd,Producer,"91-9851081881, 8443009949",gmukherjee2009@gmail.com shivamiron.exim@gmail.com,SIMN,ORES AND ALLOYS
Nava Bharat Ventures Ltd,Producer,+91 99484 44114,divakar.k@navalimited.com,SIMN,ORES AND ALLOYS
Shri Bajrang Power & Ispat Ltd.,Producer,91-9826425018,manish.dhir@goelgroup.co.in,SIMN,ORES AND ALLOYS
Simran Industries (A part of Deepak Ferro Alloys Pvt Ltd – Raipur) ,,91-9826120204                   91-9669628000,industries.simran@gmail.com,SIMN,ORES AND ALLOYS
Shakambhari  Group of Industries.,Producer,9330011021    7605076366,"bivas.ganguly@shakambharigroup.in
mridul.agarwal@shakambharigroup.in",SIMN,ORES AND ALLOYS
Sharp Ferro Alloys Ltd,Producer,"7803052643
9818938767
9810285182","gmmarketing@sharpferro.com
marketing@sharpferro.com md@sharpferro.com  chairman@sharpferro.com",simn,ORES AND ALLOYS
Shyam Group,Producer,8100127258,"exportsales@shyamgroup.com cral@shyamgroup.com mnal@shyamgroup.com krishanu.singha@shyammetalics.com
sales.accounts@shyamgroup.com",SIMN,ORES AND ALLOYS
Sundaram Alloys (Shyam Group),,,"sales@shyamferro.com
sales@sundaramalloys.com
joy@shyamferro.com
somnath@sundaramalloys.com",SIMN 65/16,ORES AND ALLOYS
Amar Ferro Alloys Ltd,,+91 9449313485,"rashmi@amarferroalloys.com
amar.ferroalloys21@gmail.com
prashant@amarferroalloys.com",SIMN,ORES AND ALLOYS
Berry Alloys Ltd,Producer,"97-1528333310
91-8359000060
65-98951280",mktg@berryalloys.com  mktg@srmcommercials.com,SIMN,ORES AND ALLOYS
Lalwani Ferro Alloys Ltd.,Producer,8013338212,"marketing@lalwaniferroalloys.com
sandeep@lalwaniferroalloys.com","SIMN-60/14, 60/15, 65/15, 65/16/65/17 Phos-0.2max",ORES AND ALLOYS
Sarda Metals & Alloys Limited ,Producer,"91-8898712664
91- 9594936516
91- 98208 76804","gaurav.j@smal.co.in
pramod.jaiswal@smal.co.in
mohit.pawnday@smal.co.in",SIMN,ORES AND ALLOYS
LK Group(Puja Ferro Alloys Pvt Ltd,Trader,9821099871  9821326548   ,vanit@lkgroupindia.com   ankit@lkgroupindia.com    rohin@lkgroupindia.com,SIMN,ORES AND ALLOYS
 SKP Group (NNP Ferro Alloys Pvt. Ltd),Producer,"9903967121
+91-6292280117

7908911066","amit.majumder@skpgroup.in
dipankar.skpmerchants@gmail.com

sgm.marketing@skpgroup.in- Domastic
deepankar.kumar@skpgroup.in- Domastic",FESIMN,ORES AND ALLOYS
Maithan Alloys Ltd,,9434080301,"office@maithanalloys.com 
marketing@maithanalloys.com
barun.jha@maithanalloys.com",FESIMN,ORES AND ALLOYS
Maithan Steel & Power Limited ,Producer,9647659399,ab@maithansteel.com,,ORES AND ALLOYS
SUPER SMELTERS LTD – INDIA,Producer,9674773151,saurabh.mukerji@supershakti.in,SIMN,ORES AND ALLOYS
SRG Minerals and Metals,Producer,91-9969272968,srgminmet@gmail.com,SIMN,ORES AND ALLOYS
Astha Ferro Alloys,Producer,,"gautam.afapl@gmail.com
yash@asthaferroalloys.com",SIMN,ORES AND ALLOYS
PLR Pojects Zambia Ltd,,91 9542608937,"naveen@plrprojects.com
niranjanplrz@plrprojects.com
jayakumar.peddireddy@plrprojects.com
ravitheja@plrprojects.com",SIMN,ORES AND ALLOYS
,,,antadze.ga@gmail.com,SIMN,ORES AND ALLOYS
Abul Khair Steel Melting Ltd,,88 01988801011,,SIMN,ORES AND ALLOYS
Bangladesh steel rolling mill,,88 0312854901,,"SIMN,HCFEMN",ORES AND ALLOYS
Anwar Group,,88 029564033,,SIMN,ORES AND ALLOYS
Asia Minerals,,,"subhendu.ghosh@asia-minerals.com
alexander.salnikov@asia-minerals.com",SIMN fines,ORES AND ALLOYS
Shakambhari  Group of Industries.,,9330011021 / 7605076366,bivas.ganguly@shakambharigroup.in,FESIMN,ORES AND ALLOYS
Bihar Foundary,,9631087691, gbudhia@gmail.com   exim.bfcl@gmail.com  rishi.bfcl@gmail.com rajeev.bfcl@gmail.com,FESIMN,ORES AND ALLOYS
DS Alloyed Pvt. Ltd. High,India,9810066707/ 9766000001,"kunal@dsalloys.com 
sunil@dsalloys.com",Producer,ORES AND ALLOYS
Hira Power & Steel Ltd,India,"9989645043, 8999215924",exim@hpslindia.com d.suresh@hpslindia.com export@hpslindia.com vikasagrawal@hpslindia.com,Producer,ORES AND ALLOYS
Bihar Foundary,India,"7803052643 
917566505669
 9631087691", gbudhia@gmail.com   exim.bfcl@gmail.com  rishi.bfcl@gmail.com,Producer,ORES AND ALLOYS
Shri Bajrang Power & Ispat Ltd.,India,91-9826425018,manish.dhir@goelgroup.co.in,Producer,ORES AND ALLOYS
SA Marathe & CO,India,91-9822006886,iam@samarathe.com,Trader,ORES AND ALLOYS
Shyam Group,India,8100127258,"exportsales@shyamgroup.com
exop@shyamgroup.com
cral@shyamgroup.com mnal@shyamgroup.com krishanu.singha@shyammetalics.com",Producer,ORES AND ALLOYS
Sundaram Alloys (Shyam Group),,"91-9051443777
91-7980081492","sales@shyamferro.com
sales@sundaramalloys.com
joy@shyamferro.com
somnath@sundaramalloys.com",,ORES AND ALLOYS
LK Group(Puja Ferro Alloys Pvt Ltd,India,9821099871  9821326548   ,vanit@lkgroupindia.com   ankit@lkgroupindia.com    rohin@lkgroupindia.com,Trader,ORES AND ALLOYS
Sharp Ferro Alloys Ltd,India,"7803052643
9818938767
9810285182","gmmarketing@sharpferro.com
marketing@sharpferro.com md@sharpferro.com  chairman@sharpferro.com",Producer,ORES AND ALLOYS
SUPER SMELTERS LTD – INDIA,India,9674773151,saurabh.mukerji@supershakti.in,Producer,ORES AND ALLOYS
Shivam Iron and Steel Co. Ltd,India,"98-31180634
91-9851081881, 8443009949",gmukherjee2009@gmail.com shivamiron.exim@gmail.com,"HCFEMN- 70,75",ORES AND ALLOYS
Hira Power & Steel Ltd,India,"9989645043,  9981921058","export@hpslindia.com
d.suresh@hpslindia.com vikasagrawal@hpslindia.com doc@hpslindia.com",HCFEMN ,ORES AND ALLOYS
Hira Ferro Alloys Ltd,India,8408880756,"rajesh.alone@hfal.in 
sunil.poddar@hfal.in vinay.agrawal@hiragroup.com","HCFEMN 65,70,75,76",ORES AND ALLOYS
Anjaney Ferro Alloys Ltd,,"09732000871 / 
91 7995666619",export@anjaneyferro.com  amit@anjaneyferro.com ,"HCFEMN 65,70,73,75
Not Produce LCFEMN)",ORES AND ALLOYS
 SKP Group (NNP Ferro Alloys Pvt. Ltd),India,"9903967121
+91-6292280117

7908911066","amit.majumder@skpgroup.in
dipankar.skpmerchants@gmail.com

sgm.marketing@skpgroup.in- Domastic
deepankar.kumar@skpgroup.in- Domastic",HCFEMN (Direct Turkey),ORES AND ALLOYS
Maithan Alloys Ltd,India,9434080301,"office@maithanalloys.com 
marketing@maithanalloys.com",HCFEMN (Direct Turkey & Taiwan),ORES AND ALLOYS
Maithan Steel & Power Limited ,India,9647659399,ab@maithansteel.com,Producing only SiMn Now 06/05/2024,ORES AND ALLOYS
Simran Industries (A part of Deepak Ferro Alloys Pvt Ltd – Raipur) ,India,91-9826120204        91-9669628000,industries.simran@gmail.com,HCFEMN,ORES AND ALLOYS
Shyam Group,India,8100127258,"exop@shyamgroup.com
exportsales@shyamgroup.com cral@shyamgroup.com mnal@shyamgroup.com krishanu.singha@shyammetalics.com
debajyoti.biswas@shyamgroup.com","HCFEMN-70,73,74,75,76%",ORES AND ALLOYS
Shakambhari  Group of Industries.,India,9330011021    7605076366,"bivas.ganguly@shakambharigroup.in
mridul.agarwal@shakambharigroup.in","HCFEMN65% not producing
Not Producing FeCr now",ORES AND ALLOYS
LK Group(Puja Ferro Alloys Pvt Ltd,India,9821099871  9821326548   ,vanit@lkgroupindia.com   ankit@lkgroupindia.com    rohin@lkgroupindia.com,HCFEMN,ORES AND ALLOYS
Sharp Ferro Alloys Ltd,India,"7803052643
9818938767
9810285182","gmmarketing@sharpferro.com
marketing@sharpferro.com md@sharpferro.com  chairman@sharpferro.com",HCFEMN 65/70/73/75/76/78,ORES AND ALLOYS
Lalwani Ferro Alloys Ltd.,india,8013338212,"marketing@lalwaniferroalloys.com
sandeep@lalwaniferroalloys.com","HCFEMN-70,72,75,76min, Phos-0.25max, C-6-8%",ORES AND ALLOYS
Sarda Metals & Alloys Limited ,India,"91-8898712664
91- 9594936516
91- 98208 76804","gaurav.j@smal.co.in
pramod.jaiswal@smal.co.in
mohit.pawnday@smal.co.in","Mn-75,",ORES AND ALLOYS
Berry Alloys Ltd,India,"91-8359000060
65-98951280",mktg@berryalloys.com  mktg@srmcommercials.com,HCFEMN,ORES AND ALLOYS
Shri Bajrang Power & Ispat Ltd.,India,91-9826425018,manish.dhir@goelgroup.co.in,not producing 65%Mn in FeMn,ORES AND ALLOYS
SRG Minerals and Metals,India,91-9969272968,srgminmet@gmail.com,HCFEMN-60/65/70%,ORES AND ALLOYS
Super Smelters Ltd - India,India,"91 8420141483  
9830200785 
9330011021 ",saurabh.mukerji@supershakti.in,HCFEMN-70/75%,ORES AND ALLOYS
Astha Ferro Alloys,India,,"gautam.afapl@gmail.com
yash@asthaferroalloys.com",HCFEMN-70-72/ 75-77,ORES AND ALLOYS
Bihar Foundary,India,"7803052643 
917566505669
 9631087691"," gbudhia@gmail.com   exim.bfcl@gmail.com  
rishi.bfcl@gmail.com","HCFEMN-70, 75, 78% With Phos 0.15%max",ORES AND ALLOYS
"Zestafoni Ferroalloys Plant
Georgian Manganese LLC (GM)",Georgia,,"chancellery@vhpp.ge
gm-chancellery@gm.ge
info@gm.ge
office@gm.ge",,ORES AND ALLOYS
Chiaturmanganum Georgia LLC,Georgia,,"BERIDZE@CHMG.COM.GE
MISHA.JANIASHVILI@YAHOO.COM
INFO@CHMG.COM.GE
KVITAISHVILI.A@CHMG.COM.GE
CHMGMN@GMAIL.COM",,ORES AND ALLOYS
RUSALLOYS Ltd,Georgia,995 322 24 40 60,info@rusalloys.com,,ORES AND ALLOYS
Kaz Ferro Chrome,Kazakhstan,,"sales@kazferrogroup.kz
office@kazferrogroup.kz",,ORES AND ALLOYS
Georgia Metal LLC,Georgia,0099-5599184777,antadze.ga@gmail.com,HCFEMN,ORES AND ALLOYS
Trans Alloys,South Aferica,41-796779477,yves.boverat@afrominerals.ch,HCFEMN,ORES AND ALLOYS
Jai Balaji Industries Ltd.,India,+91 9230616691,tahmeed@jaibalajigroup.com, (Not Produce this time),ORES AND ALLOYS
Nava Bharat Ventures Ltd,India,,divakar.k@navalimited.com,Not Produce this time(30/8/2022),ORES AND ALLOYS
Mineral Zone (Pty) Ltd,South Aferica,.+27(0) 62 524 4801  , sandy@mineralzonesa.com   claude@mineralzonesa.com; ,,ORES AND ALLOYS
Bangladesh steel rolling mill,Bangladesh,88 0312854901,,,ORES AND ALLOYS
Amar Ferro Alloys Ltd,Zambia,+91 9449313485,rashmi@amarferroalloys.com,HEFEMN 75,ORES AND ALLOYS
"ChangXing Ferroalloy Resources Co.,Ltd",China,86 18317337771,lang@cxferroalloy.com,Mn99.7%min C:0.04% max S:0.05% max P:0.005% max Si:0.01% max Fe:0.03% max Se:0.1%max,ORES AND ALLOYS
"BH Minerals Co.,Ltd",China,86-13898833430,fl.zhao@hotmail.com,LCFECR/FEV/,ORES AND ALLOYS
"Zhenxin Metallurgical Materials Co., Ltd.",China,86 15565711616 ,sale05@zxferroalloy.com,LCFECR,ORES AND ALLOYS
"Anyang Penghang Metallurgical Refractory Co., LTD",China,86 139 3868 0719,Sales3@phyjnc.com,LCFECR,ORES AND ALLOYS
"ANYANG HONGSHUN INDUSTRIAL CO.,LTD.",China,86-18567796851,nancy@hongshunalloy.com,LCFECR,ORES AND ALLOYS
Lanzhou Sunrising Ferroalloys Co.Ltd ,China,8618919127224        86 18919106734  , info@westfesi.com sales@westfesi.com ,LCFECR,ORES AND ALLOYS
Anyang feng fan silicon industries co ltd,China,86- 18738288474,ayffgygs@163.com,LCFECR,ORES AND ALLOYS
Anyang County Changfeng Ferroalloy Factory.,China,86 155 1881 9994,sales@aycf-metal.com,LCFECR,ORES AND ALLOYS
"SINOGU INDUSTRY CO., LTD
YUANJIN INDUSTRIAL LIMITED / Erdos Xijing Mining and Metallurgy Limited.",China,86-15807711280,sales@sinogu.com,LCFECR,ORES AND ALLOYS
Henan Xinxin Silicon Alloy Co.Ltd.,China,86-372-5375259,judy@ferrosialloy.com,LCFECR,ORES AND ALLOYS
V-Resource Ltd,China,86-13787087383,wusongqin@v-resource.com,LCFECR 0.03%C,ORES AND ALLOYS
"Anyang Jinfengda Metallurgical Co., Ltd.",China,+86 18749310967,meng@ayjfd.com,LCFECR / Mg Metal,ORES AND ALLOYS
"Anyang Jinyuan Supply Chain Management Co., Ltd.",China,"86 18749310967
86 15226180657","sales01.jsc@jscferroalloy.com
jingjlily@gmail.com 
emma@ayjfd.com
jscferroalloy@jscferroalloy.com",LCFECR,ORES AND ALLOYS
"HK WSM STEEL SERVICE CO. , LIMITED",China,86 155 151 00024,sale@wsm-stlsvc.com,,ORES AND ALLOYS
"Anyang KongFang Metallurgical New Material Technology Co., Ltd",China,86 135 26120097,info@kfferrosilicon.com,,ORES AND ALLOYS
ALL MINMETAL (AMI Metallurgical HK Ltd),China,"85-269332060
85-260247088 / 
86-19518796771
86-18898831629","cynthiacui@amim.com.hk
kevinlam@amim.com.hk
christinaning@ami-group.co",,ORES AND ALLOYS
"Anyang County jiacheng Metallurgy Refractory Co., Ltd",China,86-18839705885,han@ayjcmetallurgy.com,,ORES AND ALLOYS
"ChangXing Ferroalloy Resources Co.,Ltd",China,"86 18317337771
86-18637233145","lang@cxferroalloy.com
alex@cxferroalloy.com","MCFeCr Cr: 60% min And 65% min, C:1%-2%max
LCFeCr Cr: 60% min And 65%min, C:0.5%-0.25%max
LCFeCr Cr: 60% min And 65% min, C: 0.03%-0.1%max",ORES AND ALLOYS
"Anyang Huahengfan Metallurgical Refractories Co.,Ltd",China,86 13569099603,"doris@huahengfan.com
yundi@huahengfan.com",,ORES AND ALLOYS
"Inner Mongolia Jinzhong Chemical Co., Ltd",China,86-17331026089,vivian@jinzhongchem.com,,ORES AND ALLOYS
"Shenyang Credit Metal Co., Ltd",China,86-15241830286,chen.su123@qq.com,,ORES AND ALLOYS
Eastop,China,86-28-85369961,info@eastopsc.com,,ORES AND ALLOYS
"Henan Yunzhao Metal Material Co., Ltd",China,,yaokun1112@outlook.com,,ORES AND ALLOYS
"Foosoon Trading Co., Ltd",,"86-15603722230
86-16668336325","admin@foosoonhk.com
sale@foosoonhk.com",,ORES AND ALLOYS
Jai Balaji Industries Ltd.,India,9230616691,tahmeed@jaibalajigroup.com,LCFECR,ORES AND ALLOYS
BALASORE ALLOYS LIMITED,India,"86-13911798061
9073975541

9903557436","Singhvijay@hotmail.com 
vijaysingh@ispat-china.com
suman.mondal@balasorealloys.com

prasanna.rout@balasorealloys.com","LCFECR- Cr%- 60&65%only
Gr1-Cr70,Si-1.5,C-0.18, S-0.03, P-0.04,Al-1.5
Gr2-Cr60,Si-1.5,C-0.10, S-0.03, P-0.04,Al-1.5
Size- 10-50, 10-150mm",ORES AND ALLOYS
Indiano Chrome Pvt Ltd,India,"91-9923429544
91-9699714293","bajaj@indianoferro.com
sales@indianoferro.com
marketing@indianoferro.com
info@indianoferro.com",LCFECR,ORES AND ALLOYS
 SKP Group (NNP Ferro Alloys Pvt. Ltd),India,"9903967121
+91-6292280117

7908911066","amit.majumder@skpgroup.in
dipankar.skpmerchants@gmail.com

sgm.marketing@skpgroup.in- Domastic
deepankar.kumar@skpgroup.in- Domastic",LCFECR,ORES AND ALLOYS
Shyam Group,India,8100127258,"cral@shyamgroup.com mnal@shyamgroup.com krishanu.singha@shyammetalics.com
debajyoti.biswas@shyamgroup.com","Cr-65% C-0.15%min(Not Below)
divya.sinha@shyamgroup.com",ORES AND ALLOYS
Access Metals Industries  ,India,91- 7001079050  ,sales@accessindustriesindia.com,LCFECR,ORES AND ALLOYS
"ETIMET 
Eti Elecktrometalurji A.S.",Turkey,,info@etimet.com,LCFECR,ORES AND ALLOYS
indiano Global LLC (Indiano Alloys & Minerals Redefined),UAE,971-561644816,mayank@indianoglobal.com,Coke/LCFECR,ORES AND ALLOYS
Jai Balaji Industries Ltd.,India,9230616691,tahmeed@jaibalajigroup.com,"check grade then send inquiry-Grades Manufacture:-
Cr 65% Si 1% & 2%
Cr 60% Si 1.5% & 2%",ORES AND ALLOYS
Arrk Ferro Alloys LLP,India,9163219664,raghav@arrkferro.com,Cr-60/58% ok with Low Si,ORES AND ALLOYS
 SKP Group (NNP Ferro Alloys Pvt. Ltd),India,"9903967121
+91-6292280117

7908911066","amit.majumder@skpgroup.in
dipankar.skpmerchants@gmail.com

sgm.marketing@skpgroup.in- Domastic
deepankar.kumar@skpgroup.in- Domastic","Cr-60%,58%",ORES AND ALLOYS
BALASORE ALLOYS LIMITED,India,"86-13911798061
9073975541

9903557436","Singhvijay@hotmail.com 
vijaysingh@ispat-china.com
suman.mondal@balasorealloys.com

prasanna.rout@balasorealloys.com","At Present produce- Cr58% (04/10/2023)
Cr-60, 65",ORES AND ALLOYS
Surya Alloys Industries Limited,India,9830141144,abhinav1610@gmail.com,Direct Turkey Export  20/04/2023- Regret offer  ,ORES AND ALLOYS
FACOR Alloys Limited,India,0091 11 41072935,"rks@falgroup.in
kishor@falgroup.in","sold out may 2023
Regret- 04/05/2023",ORES AND ALLOYS
Rungta Industries (Tirumala Balaji),India,9830088987,arindam@rungtaindustries.com;  manoj@rungtaindustries.com,"Offer after 20May, Cr-60%Regret 05 sept2023",ORES AND ALLOYS
Shyam Group,India, 9874322454,"debajyoti.biswas@shyamgroup.com

cral@shyamgroup.com (Not Send in inquiry) mnal@shyamgroup.com krishanu.singha@shyammetalics.com","Cr- 58%,
we don't produce such high grade with low Si HCFC- Si-1.50%max (22/06/2023)",ORES AND ALLOYS
Jajoo Group,,9636499999,suraj@jajoogroup.com,,ORES AND ALLOYS
Shakambhari  Group of Industries.,India,9330011021    7605076366,"bivas.ganguly@shakambharigroup.in
mridul.agarwal@shakambharigroup.in","producing 60% Cr min, Not 58% min.",ORES AND ALLOYS
Rashmi Group,India,9007563320,"smghosh@rashmigroup.com
siribabu@rashmigroup.com
chinmoy.bc@rashmigroup.com
shravan.jha@rashmigroup.co.in
basudev.sarkar@rashmigroup.com","Cr-58%,",ORES AND ALLOYS
Lalwani Ferro Alloys Ltd.,India,8013338212,"marketing@lalwaniferroalloys.com
sandeep@lalwaniferroalloys.com",Not in Production- 11/09/2023,ORES AND ALLOYS
Indian Metals & Ferro Alloys Limited (IMFA),India,91-7077773315,anshulmishra@imfa.in,HCFECR-50% Not In production now-30/03/2024,ORES AND ALLOYS
Tata Steel (Ferro Alloys Div.),India,"91-9262692112 
91 7719964228","ankit.babde@tatasteel.com
nirmalya.mandal1@tatasteel.com",HCFECR-60% Si-3%(Not Producing now Si-1.5%)- 03/04/2024,ORES AND ALLOYS
Golden Crystal International,South Aferica Zimbabwe,,kartik@goldencrystalinternational.com,HCFECR- 55%,ORES AND ALLOYS
Indsil Group of companies,Oman,,"skraju@atifoman.com
unreddy@atifoman.com
krishnendu@atifoman.com","Cr 58% Min, 60%Regret 5sept2023",ORES AND ALLOYS
Shah Alloys,India,,meghal.shah@salsteel.co.in,HCFECR,ORES AND ALLOYS
Part Gowal Giti Company,Iran,,partgowal.sahar@gmail.com,HCFECR,ORES AND ALLOYS
Shyam Group,India,8100127258,exportsales@shyamgroup.com cral@shyamgroup.com mnal@shyamgroup.com krishanu.singha@shyammetalics.com,FESI,ORES AND ALLOYS
Lakshmi Metals & Alloys Pvt Ltd Vizianagram,India,9845075755,lmaplgvd@gmail.com,FESI,ORES AND ALLOYS
Berry Alloys Ltd,India,"91-8359000060
65-98951280",mktg@berryalloys.com  mktg@srmcommercials.com,"Fesi
Only domestic, Not export",ORES AND ALLOYS
Maithan Alloys Ltd,India,9434080301,"office@maithanalloys.com 
marketing@maithanalloys.com","Fesi
Only domestic, Not export",ORES AND ALLOYS
Maithan Steel & Power Limited ,India,9647659399,ab@maithansteel.com,"FeSi- 70/75, C-0.10, Al-1.0, Phos-0.10 Producing only SiMn Now 06/05/2024",ORES AND ALLOYS
Pioneer Carbide Pvt Ltd,India,94-35617777,"utkarsh@pcpl.co
sales@pcpl.co","Fesi-63,65,68,72",ORES AND ALLOYS
Gasgen Ferro Alloys,India,,"corporate@gasgenferro.com
sales@gasgenferro.com",Fesi,ORES AND ALLOYS
Rhodium Ferro Alloys Pvt Ltd,India,,rhodium@ferroalloys.net ,Fesi,ORES AND ALLOYS
RNB Carbides and Ferro Alloys Pvt Ltd.,India,91-8132953936,ferro@Rnbgroup.org ,Fesi,ORES AND ALLOYS
Nava Bharat Ventures Ltd,India,+91 99484 44114,divakar.k@navalimited.com,Fesi,ORES AND ALLOYS
Bhutan Carbide & Chemicals,Bhutan,91-9674323886,bcclmktg.cal@gmail.com,FESI70%,ORES AND ALLOYS
Druk Wang Alloys Limited,Bhutan,971 17 11 04 34  +975-5-251307,"dwal.mkt@gmail.com
chimidn@yahoo.com
drukwang@gmail.com",FESI,ORES AND ALLOYS
"Druk Ferro Alloys Limited,",Bhutan,,"drukferro2011@gmail.com 
knamgyel2002@gmail.com",FESI,ORES AND ALLOYS
SD Eastern Bhutan Ferro Silicon Pvt.Ltd,Bhutan,"91- 7086888790
975-17131830",salesbhutan2021@gmail.com salessdbhutan@gmail.com rajkumar_patro@yahoo.com  talukdarngp1@gmail.com,,ORES AND ALLOYS
Ugen Ferro Alloys Pvt. Ltd,Bhutan,"9831058811
9932021000","bhutanshreyan@gmail.com
rishibhutan@gmail.com",FESI,ORES AND ALLOYS
,Bhutan,9830971110,sandipghosh@taiind.com,,ORES AND ALLOYS
Rima Industrial S/A,Brazil,,jrf@rima.com.br,FESI,ORES AND ALLOYS
The Egyptian Ferroalloys co.,Egypt,1064584478,"fatma_ewis@yahoo.com
eidmohlel@yahoo.com
sharabiefaco@hotmail.com
sharabiefaco@gmail.com
ehab.efaco@gmail.com",FESI,ORES AND ALLOYS
ALL MINMETAL (AMI Metallurgical HK Ltd),China,"85-269332060
85-260247088 / 
86-19518796771
86-18898831629","cynthiacui@amin.com.hk
kevinlam@amim.com.hk
christinaning@ami-group.co","SIMN, FEMN HC, FEMN MC, FEMN LC, FECR HC, FECR LC, FEB, FEMGSI, BASI, BACASI, FEZRSI, FESRSI, FESI RE, FEP, FES, FETI, FEV, FEMO, FENB, MG GRANULAR, MG ALLOY, MN METAL FLAKES, MN METAL LUMP, MN POWDER, MN BRIQUETTE, SI METAL LUMP, SI POWDER, CA METAL LUMP, CA GRANULAR, HIGH PURITY CA, CA SOLID WIRE, MISCHMETAL METAL INGOT, CR METAL, CAMG, CAAL, MNAL, NITRIDED MN METAL, CASI, FEMGSI, CA GRANULAR, CA SOLID WIRE, FEB, BASI, FESI RE, CALCINED PET. COKE, STEEL STRIPS, FETI, FEMO, FEV, NITRIDED MN METAL, NITRIDED FESI, NITRIDED FECR, CALCIUM CYANIDE",ORES AND ALLOYS
Anyang County Changfeng Ferroalloy Factory.,China/ Hongkong,86 155 1881 9994,sales@aycf-metal.com,"SIMN
FEMN HC
FEMN MC
FEMN LC
FECR HC
FECR LC
FEB
FEMGSI
BASI
BACASI
FEZRSI
FESRSI
FESI RE
FEP
FES
FETI
FEV
FEMO
FENB

MG GRANULAR
MG ALLOY
MN METAL FLAKES
MN METAL LUMP
MN POWDER
MN BRIQUETTE
SI METAL LUMP
SI POWDER
CA METAL LUMP
CA GRANULAR
HIGH PURITY CA
CA SOLID WIRE
MISCHMETAL METAL INGOT
CR METAL
CAMG
CAAL
MNAL
NITRIDED MN METAL

(Casi Cored wire Filled with Material) ----
CASI
FEMGSI
CA GRANULAR
CA SOLID WIRE
FEB
BASI
FESI RE
CALCINED PET. COKE
STEEL STRIPS
FETI
FEMO
FEV
NITRIDED MN METAL
NITRIDED FESI
NITRIDED FECR
CALCIUM CYANIDE",ORES AND ALLOYS
"Anyang County jiacheng Metallurgy Refractory Co., Ltd",China,86-18839705885,han@ayjcmetallurgy.com,"Ferro silicon, 
High Purity(HP) Ferro silicon, 
Atomized Ferro Silicon, 
Low Carbon (LC)Ferro Chrome, 
High Carbon Ferro Silicon, 
Electrolytic Manganese Flake, 
Silicon Metal, 
Ferro Manganese, 
Silicon ball, 
Silicon carbide, 
Coal Briquette and 
Graphite Petroleum Cokes (GPC)",ORES AND ALLOYS
Anyang feng fan silicon industries co ltd,China,86- 18738288474,ayffgygs@163.com,"FESI-45,65,72,75%",ORES AND ALLOYS
"Anyang Guoqi Silicon Industry Co.,Ltd",China,86-18633897900,"sales02@siliconxg.com
manager@siliconxg.com
sales03@siliconxg.com","Dinesh Sharma:
Low Aluminum Silicon 
L C Ferro Manganese
L C Ferro Chrome 
H C Ferro Manganese 
H C Ferro Chrome 
Calcium Silicon Alloy 
Silicon Manganese Alloy
Electrolytic Manganese Metal
Ferro Silicon Manganese
Ferro Silicon Zirconium
MetaL Calcium
Electrolytic Manganese
Manganese Metal
Magnesium Metal
Silicon Zirconium
Silicon Chromium
Silicon Chromium Alloy
High Carbon Ferro Silicon 
Silicon Nitride
Antimony Ingot 
Mg Ingot 
High Carbon Ferro Chrome Low Carbon Ferro Chrome High Carbon Ferro Manganese Low Carbon Ferro Manganese  
Micro Carbon Ferro Manganese 
Calcium Silicon 
Si-Al-Ca-Ba Alloy 
Ferro Calcium Silicon 
Silicon Barium 
Ferro Titanium 
Calcium Aluminum Alloy 
Ferro Silicon Barium 
Silicon Manganese Briquette Silicon Zirconium
Ferro Silicon Nitride 
Ferro Silicon
Silicon Manganese 
Silicon Calcium Barium Alloy
High Carbon Silicon ",ORES AND ALLOYS
"Anyang Hongshun Industria Co.,Ltd.",China,"86-18567796851
86-18837209569","nancy@hongshunalloy.com
jassie@hongshunalloy.com","Ferro Silicon Lump 10-50mm Ferro Silicon Granule 
Calcium Silicon 
High Carbon Silicon 
Silicon Briquette 
Silicon Metal Lump 
Ferro Silicon Lump 
Ferro Silicon 
Ferro Silicon Alloy Granule 
Ferro Silicon Powder 
Calcium Silicon Lump 
Calcium Silicon Alloy
Ferro Silicon Briquette
Ferro Silicon Ball
High Quality Ferro Silicon Briquette
High Carbon Slicon Alloy
Silicon carbon alloy
Silicon Briquette
Silicon Metal
",ORES AND ALLOYS
"Anyang Huahengfan Metallurgical Refractories Co.,Ltd",China,86 13569099603,doris@huahengfan.com,"Producer-
Ferro Manganese- LC/MC/HC
Silicon Metal-2202/3303/411/421/441/551/553 
silicon carbon alloy and Powder-Si45/50/55/60/65/68
Trader-
cored wire- CaSi/CaAl/CaFe/CaSiBa/BaSiAl/CaSiAl/Carbon Raiser/ReFeSiMg/FeTi 
Ferro Chrome- Lc/Mc/Hc
silicon manganese alloy, 
silicon carbide, 
ferrosilicon,-65/72/75/75with LowAl
Ferro Silicom Powder
Ferro Silicon Ball
Calcium Silicon
Silicon Slag
Electrolytic Manganese Metal Flake
Recarburize
Al-Mn-Fe Alloy
Silicon Aluminum Barium Calcium Alloy
Silicon Aluminum Ferro
Ferrosilicon Inoculant
Nodulizer(FeSiMgRe Alloy)",ORES AND ALLOYS
"Anyang Huatuo Metallurgy Co., Ltd",China,86 18037296649,luna@sialloy.com,"FESI- 70,72,75",ORES AND ALLOYS
"Anyang Jbt Metallurgical Refractory Co.,Ltd.",China,"86 15937282819   
86-15836388218","tom@ayjbtmetal.com 
sales@ayjbt.com","Silicon Carbon Alloy
Silicon Metal
Silicon Carbide
Ferro Silicon
Silicon Slag
Calcium Silicon
Cored Wire
Ferro Chrome
Ferro Manganese
Micro Silica
Silicon Briquette
Recarburizer
Barium Silicon
Ferro Silicon Magnesium
SiAIBaCa Alloy
Ferro Phosphorus
Inoculant
Iron Pyrite
FerroSilicon Briquette
Pulverized Coal Injection
Graphite Briquette",ORES AND ALLOYS
"Anyang Jinfang Metallurgy Co.,Ltd",China,"86-15824691859

86-18737101421","xiangri_08@hotmail.com  sophia.wang@ayjf-metal.com

nancylovecat@outlook.com","silicon metal 97/441/3303/2202/553/1101
Ferro Silicon 72/75
Ferro Silicon Alloy
Ferro Silicon Powder
Silicon Granes
Ferro Silicon Lumps
Calcium Silicon 3060
High Carbon Silicon
Silicon Carbide
Silicon Slag
Carbon Raiser
GPC Graphite Petroleum Coke Carbon Raiser",ORES AND ALLOYS
"Anyang Jinfengda Metallurgical Co., Ltd.",China,,meng@ayjfd.com,"Silicon Carbide 
Silicon Aluminium Barium Calcium
Silicon Metal
Ferro Silicon
Ferrosilicon Magnesium With Rare Earth
Carbon Additive
Nitrided Low Carbon Ferro Chrome
Silicon Slag
Silicon Calcium Cored Wire
Ferro Aluminium
Ferro Manganese
Manganese Briquettes
Electrolytic Manganese Metal Flakes
Calcium Silicon Alloy
Low Carbon Ferro Chrome
Manganese Metal Lumps
Ferro Silicon Chrome
Ferro Silicon Aluminium
Ferro Silicon Strontium Inoculant
Ferro Silicon Zirconium
Silicon Barium Calcium
Ferro Silicon Barium
Calcium Metal
",ORES AND ALLOYS
"Anyang Jinyuan Supply Chain Management Co., Ltd.",China,"86 18749310967
86 15226180657","sales01.jsc@jscferroalloy.com
jingjlily@gmail.com 
emma@ayjfd.com
jscferroalloy@jscferroalloy.com","Low/Micro/ MCFECR
SI Metal 2202/3303/441,553
FESI 72,75, with Low AL
FESI Boll/Briquette 55/60/65/70
Silicon Carbide 98.5/97/98/90/85
Silicon Carbon Alloy 68/65/60/55/45 C-15
Calcium Silicon
Ferro Manganese Silicon
Manganese Ingot
Electrolytic manganese metal / Flakes
HC/MC/LCFEMN
Recarburizer  Carbon 90%-98.5%
",ORES AND ALLOYS
"Anyang Lishi Industrial Co., Ltd",China,86-18739729326,sale02@lsalloy.com,"FeSi-72,75",ORES AND ALLOYS
"Anyang Lishi Industrial Co., Ltd",China,,sale08@lsalloy.com,"Calcium Silicon
Ferrosilicon75%/72%
Calcium Silicon Barium Inoculant
FeSiMg Nodulizer Manufacture (Own Factory)
Silicon Carbide
High/Medium/Low Carbon Ferrochrome
Silica Fume
Silicon Metal553/2202/3303/441/97
Soda Feldspar Powder",ORES AND ALLOYS
"Anyang Lishi Industrial Co., Ltd",China,86-15837207537,info@isalloy.com,"FeSi-72,75",ORES AND ALLOYS
"Anyang Weyan Alloy Co., Ltd",China,+86 18567802263,"aria@wyalloys.com
aniya@wyalloys.com","Fesi-72,75",ORES AND ALLOYS
"Anyang Xinlongsen Metallurgical Material Co.,LTD.",China,"86 19503638030
86 173 3727 5460","katherine@ayxlsyj.com
vera@ayxlsyj.com","ferroalloys, such as silicon metal/ferrosilicon/silicon-manganese/silicon-carbon alloy and so on",ORES AND ALLOYS
"Anyang xinyi Alloy Co., Ltd",China,86-15824614766,yanmeiaini2008@sina.com  niki@ayxinyi.cn,"FESI, Calcium Metal",ORES AND ALLOYS
"Anyang Yuda Metallurgical New Materials Co., Ltd",China,86-18695958515,1589869109@qq.com,"FeSiCa
FeSiMg
Inoculant
FeSiBa
FeSi
FeSiSr
FeSiZr
Ferro Silicon
Calcium Metal
Ca Wire
FeSi Briquette
SiC Briquette
Cored Wire.
etc",ORES AND ALLOYS
"Anyang Yuneng Metallurgy Refractory Co., Ltd",China,86-18530601892, info@yn-alloy.com,FESI,ORES AND ALLOYS
"Anyang Zhaojin Ferroalloys Co.,Ltd ",China,"86-15037248706
86 14709591117","adams@zjferroalloy.com
sales1@zjferroalloy.com
jackzheng@zjferroalloy.com","FESI75,72,65
Cal-sil
Low/Medium/high carbon ferromanganese
low/medium/high carbon ferrro chrome
silicon metal 441,553,3303,4402
ElMgMetal
silicon chrome alloy
Calcium silicon alloy55-28,60-30
magnese silicon alloy
carbon silicon alloy
silicon carbide
Casi cored wire50-28,55-28",ORES AND ALLOYS
"Anyang Zhengzhao Metallurgical Refractory Co.,Ltd",China,86 15514008571,catherine@zzferroalloy.com,FeSi,ORES AND ALLOYS
"Anyang Zhenxin Metallurgical Materials Co., Ltd.",China,"86 18637215035
86 18637217025
86 15565711616 ","sale04@zxferroalloy.com
sale07@zxferroalloy.com
sale05@zxferroalloy.com","FESI 75,72,70,65 ,45",ORES AND ALLOYS
"Aon Metal and Materials Co., Limited",China,86 166 2737 9495,albert.shen@aonmetal.com,"Alloy Cored Wire
Atomized Ferrosilicon
Calcium Cored Wire
Calcium Iron Cored Wire
Calcium Metal
Calcium Silicon
Calcium Silicon Cored Wire
Carbon Cored Wire
Carbon Raiser
Electrolytic Manganese Metal
Ferro Chrome
Ferro manganese
Ferro Silicon
Ferro Silicon Magnesium Nodularizer
Ferro Silicon Nitride
Ferrochrome Nitride
High Carbon Silicon
Inoculant In Casting
Magnesium Ingot
Nitrided Ferro Manganese",ORES AND ALLOYS
"Beijing LY Metals and Mining Co.,LTD",China,"86 13810689562 
86-13522973512","wanghuiying51@hotmail.com lucia@longyuebj.com kevin@longyuebj.com 
flora@longyuebj.com",FESI/Cal-sil,ORES AND ALLOYS
"ChangXing Ferroalloy Resources Co,.Ltd",China,86-18217175579,"helen@cxferroalloy.com
lang@cxferroalloy.com","FESI
Cal-sil
Chrome Ore
graphite electrode
manganese ore
HCFEMN
HCFECR
Fluorspar
SIMN ",ORES AND ALLOYS
"Chemetalloys Ltd?trading office)
Guizhou Huachang Industries Co., Ltd(factoty)",China,+86 17585418637,judy.q@chemetalloys.com  ,"CaSi, SiCr, BaSi, FeSi, Cr Metal, Mn Metal, Mg Metal, Ca Metal,Silicon metal,CaSiBa......
Nodulizer, inoculant, electrolytic manganese, refining slag, multi-element alloy, etc.
",ORES AND ALLOYS
"Chongqing Changru Trade Co.,Ltd.,",China,86 131 6968 4836,lightning214@cqcrmetal.com,FESI,ORES AND ALLOYS
"Coalician Carbon & Coke Co., Ltd",China,86-18909503714,lee@coalician.com,"*99.7% Electrolytic Manganese Metal Flake
*95% / 96% / 96.5% / 97% Electrolytic Manganese Metal Lump
*Manganese metal briquettes
*Ferro-silicon
*Ferro-chrome
",ORES AND ALLOYS
"Dometar Metal Co., Ltd",China,86-15317935715,"sales@dometar.com
hailicarbon@yandex.com","Calcined Anthracite Coal
Calcined Petrolium Coke
Grafhite Petrolium Coke
Potassium Humate
Electrcally Calcined Anthracite Coal
Sodium Humate
Potassium Fulvic Acid
Foundry Coke
Semi Coke
Silicon Carbide 
Ferro Silican
Anthracite Filter Media
Metallurgical Coke",ORES AND ALLOYS
EAI (East Asia Corporation Limited),China,86 13823743824,george@eaimetal.com,"FESI,SIMN,",ORES AND ALLOYS
Eastop,China,86-28-85369961,info@eastopsc.com,"Aluminium Ingot
Wolframite (type b)
Fluorspar Lump
Silicon Metal 2202
Foundary Coke
Fluospar Powder
Ferro Chrome
Carbon Raiser
Ferro Silicon Grade b
Electrolytic Copper
Foundary Pig Iron
Steel Making Pig Iron
High Titanium Slag
Ferro Silicon 72% / 75% 
Anthrasite Coal
Coal Briquette
Molybdenium Concentrate
Silicon Carbide
Silican Carbide Mass
Semi Coke
Metallurgicaal Coke
",ORES AND ALLOYS
Feng Erda Group,China,86 17863227516,china_d@fengerda.com,FESI,ORES AND ALLOYS
"Guizhou Nine Dragon Alloys., Ltd",China,86 13500780630,lilyx@dragonnorthwest.com,"Ferro Silicon
Carrburizers(Carbon Raisers)
Silicon Manganese Alloys
Barium-Silicon
Nodulizer
Strontium Silicon
Calcium Silicon
Magnesium Silicon
Ferro Manganese
Ferro Chrome
Ferro Molybdenum
",ORES AND ALLOYS
"Hainan Kris Trading Co., Ltd",China,"86 13201867379
86-15717098667","mani@hnkris.com
yilia@hnkris.com
tina@hnkris.com","FESI,Simetal,FECR",ORES AND ALLOYS
"Hainan West Asia Import and Export Group Co., Ltd",China,"86-16689780979
86 166 8972 1585
86 18976301609
86-16689721585","marina@wasiatrade.com
sales09@wasiatrade.com
merchant@wasiatrade.com
purchase@wasiatrade.com
info@wasiatrade.com
sales09@wasiatrade.com","Dinesh Sharma:
Ferro Titanium
Ferro Silicon
Silicon Metal
Carburizer
Recarburizer
Silicon Carbide
Silicon Balls
Silicon-Carbon Alloys
Calcium Silicon
Metallurgical Coke Grains",ORES AND ALLOYS
"Henan Bright Alloys Co.,Ltd",China,86 18637293997,02@brightalloys.com,FESI,ORES AND ALLOYS
"Henan Guorui Metallurgical Refractories Co,. Ltd ( Hongxi Industrial Co,. Ltd)",China,86-18317777489,grmetallurgy6@gmail.com,"FeSi
CaSi
SiMn
FeMn Alloy 
Briquette Carbon FeSiBa
FeSiMg
HC Silicon
Metal Si",ORES AND ALLOYS
"Henan Hengqiang Metallurgical Co., Ltd.",China,"86-18003725336
86-15083009800",hsalloy@hotmail.com tony@ayhsyn.com ,"Ferro Alloys:-
Carbon Additive
Silicon Carbide 
calcium aluminate
Ferro Silicon
Ferro Chromium
Barium Silicon
Silicon Aluminum
Calcium Silicon Barium 
Calcium Silicon Barium Aluminum
Calcium Silicon Manganese
High Carbon Silicon
Silicon Metal
Nodulizer:-
Ferro Silicon Magnesium
High Magnesium
Inoculent:-
Calcium Silicon Barium
Zirconium Silicon
Deoxidizer:-
Aluminium Ball
Steel Aluminium
Aluminium Scrap
Aluminium Cake
Calcium Metal Grains
Pure Calcium Cored Wire
Alloy Briquettes:-
Ferro Silicon Briquettes
Silicon Ball
Silicon Carbide ball
Alloy Slag:-
Silicon Slag
Ferro Silicon Slag
Magnese- Rich Slag
Cored Wire",ORES AND ALLOYS
"Henan Transtrong Casting Material Co., Ltd",China,86-15737211113,joyce@hncczz.com,"Ferro Silicon
Ferro Chrome
Inoculants ( FeSiBa, FeSiAl, FeSiZr, CaSiBa, etc manufacturer)
Nodulants ( FeSiMg manufacturer)
Silicon Carbide
Carbon Raiser(GPC, CPC, CAC)
Cored Wire etc.",ORES AND ALLOYS
Henan Xinxin Silicon Alloy Co.Ltd.,China,"86-372-5375259
86-18624885692
86-15544005657","judy@ferrosialloy.com    lisa@ferrosialloy.com
vicky@ferrosialloy.com",FESI,ORES AND ALLOYS
Henan Yunzhao Metal Material Co.Ltd ,China,86 13460953795,yaokun010@outlook.com,"FESI 72,75,75LowAl
Cal-sil
FESI Magnesium
inoculant
LCFECR
Alloy cored wire
FE Boron
SIMN65/17 & 60/14
Low/Med/High FEMN
Silicon Briquette
Silicon Carbon Alloy
Silicon Slag
Offgrade Silicon
Nitride Ferro Chrome
Nitride Ferro Silicon
Nitride Vanadium
Nitride Manganese
Semi-Coke
Coal Injection
Coke Fuel
Recarburizer
Silicon Metal
Manganese Metal
Magnesium Metal
Calcium Metal",ORES AND ALLOYS
"Heze Hengtai Alloy Materials Co., Ltd",China,86-15154435208,victor.yu@fesi-alloys.com,Fesi,ORES AND ALLOYS
"HK WSM STEEL SERVICE CO. , LIMITED",China,86 155 151 00024,sale@wsm-stlsvc.com,"Currently we supply nodularizer and inoculants only

Nodulants- FeSiMg
Inoculants- FeSiBa, FeSiSr, FeSi, FeSiMnBa
Cored Wire- 
CaSi
Silicon Metal Powder
Silicon Metal
Electrolytic Manganese
Antimony Ingot
Mischmetal
Ferro Chrome
FeS
Mg Ingot
Graphite Petroleum Coke
Silicon Carbide",ORES AND ALLOYS
HONGXI METALLURGY COMPANY LIMITED  ,China,"86-18567898496  
86-15086839676","anson@hongxi-group.com
robbin@hongxi-group.com.","Silicon Metal 553/441 
Ferro Silicon75/72/70/65
CaSi 
SiC 88 
FeMo 60
HC Silicon
Low Carbon FerroChrome 
",ORES AND ALLOYS
"HWA Seng Trading(Ningxia) Co., Ltd",China ,86-15109516501,clarkjia@hwa?seng.com,"Ferro Silicon
Ferro Chromium
Ferro Silicon Magnesium
High Carbon Silicon
Chromium Silicon
Zirconium Silicon
Calcium Silicon
Carbon Additive
Barium Silicon
Silicon Aluminum
Calcium Silicon Barium
Calcium Silicon Barium Aluminum
Calcium Silicon Manganese
Ferro Silicon Briquettes
Ferro Silicon Slag
Silicon Ball
Silicon Carbide Ball",ORES AND ALLOYS
"Inner Mongolia Jinzhong Chemical Co., Ltd",China,86-17331026089,vivian@jinzhongchem.com,Fesi,ORES AND ALLOYS
Kang Xin International Trading Pte.Ltd.,China," +86 15515000909  
86 17337269153",hannah@msumt.com   smily@msumt.com,FESI/Cal-sil,ORES AND ALLOYS
Lanzhou Sunrising Ferroalloys Co.Ltd ,China,"8618919127224        
86 18919106734 
86-18919106247 
86-18919972320"," info@westfesi.com 
sales@westfesi.com 
sale@westfesi.com
sell@westfesi.net","FESI
Cal-sil
Silicon Briquette
High carbon Silicon
silicon metal
silicon carbide
silicon manganese",ORES AND ALLOYS
"Million Link (Tianjin) International Trade Co., Ltd",China,"186-22543399
86-18902117716
86-18602652398","anthony@millionlink.com
nataliefeng@millionlink.com
luna@millionlink.com","FESI
Cal-sil
HCFECR
Silicon chrome
SIMN
LCFECR
FEMN
HCFESI
Low Silicon Ferro Silicon
Low Aluminum Ferro Silicon
High Purity Ferro Silicon 
Standard Ferro Silicon",ORES AND ALLOYS
New Sail Ferroalloy,China,"86 166 3835 9670
86-15236598899","jennywu@ns-ferroalloy.com
louisxu@ns-ferroalloy.com",Fesi,ORES AND ALLOYS
"Ningxia Fangtuo Metal Materials Co.,LTD",China,86-13995123098    ,sales@fangtuometal.com,FESI/Cal-sil,ORES AND ALLOYS
"Shaanxi Zenith I/E Co.,Ltd.",China,86 -18706806774,business01@raws.vip,"Silicon metal,
manganese metal,
silicon carbide, ",ORES AND ALLOYS
Shanghai Delong Steel Group Marketing Center,China,86-13072080539,yxzxhj@detiandnts.com,"Inoculant
Cored Wire
Ferro Silicon/ Rare Earth Ferro Silicon
Ferro Silicon Calcium
Calcium Metal
Calcium Aluminum Alloy
Calcium Magnesium Alloy
Magnesium Metal Ingot
Cerium Mischmetal
Strontium Metal
Manganese Metal
Ferro Silicon Manganese
Silicon Carbide
Silicon Metal
FESIBA",ORES AND ALLOYS
"Shanxi Chengzhou Industrial & Trading Co., Ltd",China,86-19335928806,melody@qizhenmetal.com,,ORES AND ALLOYS
"Shijiazhuang Mining Imp & Exp Trade Co., Ltd",China,86-139 3189 1339,Cathy@sjzmining.com,Fesi,ORES AND ALLOYS
"Sinogu Industry Co., Ltd
Yuanjin Industria Ltd
Erdos Xijing Mining and Metallurgy Limited.",China,86-15807711280,sales@sinogu.com,FESI,ORES AND ALLOYS
TCGTrading Co Ltd,China,+86 158 5927 9580,"janetcg@163.com 
zhiyong@sitcg.cn","FESI75-60%
Ferro silicon briquette
Silicon carbide
SIMN60/14 &65/17
silicon metal2202/3303 /553/441
Electrolytic Manganese Metal Flake 
Lo/Med/High FEMN
LCFECR",ORES AND ALLOYS
"Tengda Northwest Ferroalloy Co., Ltd",China,86  13993153517,llccbb6317@163.com,Fesi,ORES AND ALLOYS
"Wanfeng Industry Co., Ltd",China,"86-18567408888
86-18567409999",02@wfalloy.com,"metal magnesium
Ferroalloy 
silicon powder 
coke
",ORES AND ALLOYS
"Wude Group Co. Ltd                               (GANSU MRG CO.,LTD)",China,"86-931-8728480  
86-18919055564","markguoo@gmail.com
info@cnmrg.com 
kim@cnmrg.com
",FESI,ORES AND ALLOYS
Xiamen ITG Group Corp Ltd,China,"86-15750730075 
86 18559276695","liuwx@itg.com.cn
xieyuxin@itg.com.cn","Ferro Silicon
Rare Ferro Silicon Magnesium
Ferro Silicon Calcium
Ferro Silicon Barium Calcium
Ferro Silicon Aluminum
Inoculant
Magnesium Ingot
Silicon Metal
Silicon Carbide",ORES AND ALLOYS
"Xi'an Qinli Alloy & Material Technology Co., Ltd",China,"86- 15353621407
86- 18700856936",sales2@qinlialloys.com,,ORES AND ALLOYS
Xinhao Group (jyoti mam ask for check first),China,,huweisi@huahengfan.com,Fesi,ORES AND ALLOYS
Xinlongsen Metallurgical Material Co.Ltd,China,86 16692774500,galen@ayxlsyj.com,"Silicon Metal
Silicon Metal Powder
High Carbon Silicon 
Calcium Silicon
Ferro silicon
Manganese Metal Lump Ferro silico aIuminum
Manganese Metal Ball 97% Electrolytic Manganese Flakes
Magnesium Ignot",ORES AND ALLOYS
"Xiamen jcx import and export co., Ltd",China,86-13666033459,emily@jcx-siliconmetal.com,,ORES AND ALLOYS
"Xi'an Top Metal Import & export Co., Ltd",China,86 18091075771,"shilly_sharing@163.com
shilly.wan@shinny-metal.com",,ORES AND ALLOYS
"Henan Yunzhao Metal Material Co., Ltd",China,,yaokun1112@outlook.com,,ORES AND ALLOYS
CHENGGANG METAL,China,"86 18595820336
86-16603725657
86-13027597815
86-18790854655","iris@ferrosialloy.com;
vicky@ferrosialloy.com;
cathy@ferrosialloy.com;
jenny@ferrosialloy.com;",,ORES AND ALLOYS
"Foosoon Trading Co., Ltd",China ,"86-15603722230
86-16668336325","admin@foosoonhk.com;
sale@foosoonhk.com",,ORES AND ALLOYS
"Qingdao Uelion International Trade Co., Ltd",China ,86-18563965020,ue02@uelion-resources.com,,ORES AND ALLOYS
Krishnendu Mukherjee,Zambia,,"sales@championalloys.com;
prianka@championalloys.com",,ORES AND ALLOYS
